{
  "users": {
    "6283117190495@s.whatsapp.net": {
      "hitcmd": 59,
      "bits": 0,
      "afkTime": -1,
      "limit": 270,
      "afkReason": ""
    },
    "6289531639634@s.whatsapp.net": {
      "pc": 1734513502064
    },
    "6283873560515@s.whatsapp.net": {
      "pc": 1734872816462,
      "hitcmd": 0,
      "bits": 0,
      "afkTime": -1,
      "limit": 270,
      "afkReason": ""
    },
    "6283123448708@s.whatsapp.net": {
      "pc": 1737815233876,
      "hitcmd": 75,
      "bits": 0,
      "afkTime": -1,
      "limit": 270,
      "afkReason": ""
    },
    "6283182029456@s.whatsapp.net": {
      "pc": 1735060229159
    },
    "6283847334166@s.whatsapp.net": {
      "hitcmd": 0,
      "bits": 0,
      "afkTime": -1,
      "limit": 271,
      "afkReason": ""
    },
    "6283833782677@s.whatsapp.net": {
      "hitcmd": 0,
      "bits": 0,
      "afkTime": -1,
      "limit": 271,
      "afkReason": ""
    },
    "62881010202892@s.whatsapp.net": {
      "hitcmd": 0,
      "bits": 0,
      "afkTime": -1,
      "limit": 271,
      "afkReason": ""
    },
    "6281351692548@s.whatsapp.net": {
      "hitcmd": 0,
      "bits": 0,
      "afkTime": -1,
      "limit": 271,
      "afkReason": "",
      "pc": 1737726139076
    },
    "6289604810003@s.whatsapp.net": {
      "hitcmd": 2,
      "bits": 0,
      "afkTime": -1,
      "limit": 271,
      "afkReason": "",
      "pc": 1737531336840
    },
    "6282174694014@s.whatsapp.net": {
      "hitcmd": 0,
      "bits": 0,
      "afkTime": -1,
      "limit": 271,
      "afkReason": "",
      "pc": 1737721920878
    },
    "120363376187287513@newsletter": {
      "hitcmd": 0,
      "bits": 0,
      "afkTime": -1,
      "limit": 271,
      "afkReason": "",
      "pc": 1737821181199
    },
    "6285187387839@s.whatsapp.net": {
      "hitcmd": 6,
      "bits": 0,
      "afkTime": -1,
      "limit": 271,
      "afkReason": ""
    },
    "120363386712922580@newsletter": {
      "hitcmd": 4,
      "bits": 0,
      "afkTime": -1,
      "limit": 271,
      "afkReason": "",
      "pc": 1744408847346
    },
    "120363385251303158@newsletter": {
      "hitcmd": 0,
      "bits": 0,
      "afkTime": -1,
      "limit": 271,
      "afkReason": "",
      "pc": 1744385985570
    },
    "120363373745350405@newsletter": {
      "hitcmd": 0,
      "bits": 0,
      "afkTime": -1,
      "limit": 271,
      "afkReason": "",
      "pc": 1744395029761
    },
    "120363371620949721@newsletter": {
      "hitcmd": 0,
      "bits": 0,
      "afkTime": -1,
      "limit": 271,
      "afkReason": "",
      "pc": 1744393486795
    },
    "120363385982886007@newsletter": {
      "hitcmd": 0,
      "bits": 0,
      "afkTime": -1,
      "limit": 271,
      "afkReason": "",
      "pc": 1744374575713
    },
    "120363371523588977@newsletter": {
      "hitcmd": 0,
      "bits": 0,
      "afkTime": -1,
      "limit": 271,
      "afkReason": "",
      "pc": 1744369316052
    },
    "6282269570365@s.whatsapp.net": {
      "hitcmd": 0,
      "bits": 0,
      "afkTime": -1,
      "limit": 271,
      "afkReason": ""
    },
    "6283167302127@s.whatsapp.net": {
      "hitcmd": 0,
      "bits": 0,
      "afkTime": -1,
      "limit": 271,
      "afkReason": ""
    },
    "120363373679616131@newsletter": {
      "hitcmd": 0,
      "bits": 0,
      "afkTime": -1,
      "limit": 271,
      "afkReason": "",
      "pc": 1744300154607
    },
    "6285123065375@s.whatsapp.net": {
      "hitcmd": 0,
      "bits": 0,
      "afkTime": -1,
      "limit": 271,
      "afkReason": ""
    },
    "6281574679328@s.whatsapp.net": {
      "hitcmd": 0,
      "bits": 0,
      "afkTime": -1,
      "limit": 271,
      "afkReason": ""
    },
    "120363367416928283@newsletter": {
      "hitcmd": 0,
      "bits": 0,
      "afkTime": -1,
      "limit": 271,
      "afkReason": "",
      "pc": 1744291415380
    },
    "6285659852467@s.whatsapp.net": {
      "hitcmd": 0,
      "bits": 0,
      "afkTime": -1,
      "limit": 271,
      "afkReason": ""
    },
    "6285257420996@s.whatsapp.net": {
      "hitcmd": 0,
      "bits": 0,
      "afkTime": -1,
      "limit": 271,
      "afkReason": ""
    },
    "120363390477496540@newsletter": {
      "hitcmd": 0,
      "bits": 0,
      "afkTime": -1,
      "limit": 271,
      "afkReason": ""
    },
    "6281250274536@s.whatsapp.net": {
      "hitcmd": 0,
      "bits": 0,
      "afkTime": -1,
      "limit": 271,
      "afkReason": ""
    },
    "62881027736982@s.whatsapp.net": {
      "hitcmd": 0,
      "bits": 0,
      "afkTime": -1,
      "limit": 271,
      "afkReason": ""
    },
    "120363369733550479@newsletter": {
      "hitcmd": 0,
      "bits": 0,
      "afkTime": -1,
      "limit": 271,
      "afkReason": "",
      "pc": 1744364971784
    },
    "120363389667797512@newsletter": {
      "hitcmd": 0,
      "bits": 0,
      "afkTime": -1,
      "limit": 271,
      "afkReason": "",
      "pc": 1744386053829
    },
    "6285824402084@s.whatsapp.net": {
      "hitcmd": 5,
      "bits": 0,
      "afkTime": -1,
      "limit": 271,
      "afkReason": ""
    },
    "120363363009408737@newsletter": {
      "hitcmd": 0,
      "bits": 0,
      "afkTime": -1,
      "limit": 271,
      "afkReason": "",
      "pc": 1744365488992
    },
    "6285813708397@s.whatsapp.net": {
      "hitcmd": 19,
      "bits": 0,
      "afkTime": -1,
      "limit": 271,
      "afkReason": "",
      "pc": 1744364622101
    },
    "120363388748858554@newsletter": {
      "hitcmd": 0,
      "bits": 0,
      "afkTime": -1,
      "limit": 271,
      "afkReason": "",
      "pc": 1744294581622
    },
    "120363299719848392@newsletter": {
      "hitcmd": 0,
      "bits": 0,
      "afkTime": -1,
      "limit": 271,
      "afkReason": "",
      "pc": 1744397611664
    },
    "120363387147528119@newsletter": {
      "hitcmd": 0,
      "bits": 0,
      "afkTime": -1,
      "limit": 271,
      "afkReason": "",
      "pc": 1744370108219
    },
    "120363369142272173@newsletter": {
      "hitcmd": 0,
      "bits": 0,
      "afkTime": -1,
      "limit": 271,
      "afkReason": "",
      "pc": 1744295768622
    },
    "6282241515939@s.whatsapp.net": {
      "hitcmd": 0,
      "bits": 0,
      "afkTime": -1,
      "limit": 271,
      "afkReason": ""
    },
    "120363371612801478@newsletter": {
      "hitcmd": 0,
      "bits": 0,
      "afkTime": -1,
      "limit": 271,
      "afkReason": "",
      "pc": 1744373541348
    },
    "6285649105514@s.whatsapp.net": {
      "hitcmd": 0,
      "bits": 0,
      "afkTime": -1,
      "limit": 271,
      "afkReason": ""
    },
    "62895335957006@s.whatsapp.net": {
      "hitcmd": 0,
      "bits": 0,
      "afkTime": -1,
      "limit": 271,
      "afkReason": ""
    },
    "120363387066991034@newsletter": {
      "hitcmd": 0,
      "bits": 0,
      "afkTime": -1,
      "limit": 271,
      "afkReason": "",
      "pc": 1744390978941
    },
    "62881037689760@s.whatsapp.net": {
      "hitcmd": 0,
      "bits": 0,
      "afkTime": -1,
      "limit": 271,
      "afkReason": ""
    },
    "601126337162@s.whatsapp.net": {
      "hitcmd": 1,
      "bits": 0,
      "afkTime": -1,
      "limit": 271,
      "afkReason": ""
    },
    "24687706939538@lid": {
      "hitcmd": 0,
      "bits": 0,
      "afkTime": -1,
      "limit": 271,
      "afkReason": ""
    },
    "6285892604581@s.whatsapp.net": {
      "hitcmd": 0,
      "bits": 0,
      "afkTime": -1,
      "limit": 271,
      "afkReason": ""
    },
    "62895387090918@s.whatsapp.net": {
      "hitcmd": 0,
      "bits": 0,
      "afkTime": -1,
      "limit": 271,
      "afkReason": ""
    },
    "6283850301527@s.whatsapp.net": {
      "hitcmd": 0,
      "bits": 0,
      "afkTime": -1,
      "limit": 271,
      "afkReason": ""
    },
    "120363370843040705@newsletter": {
      "hitcmd": 0,
      "bits": 0,
      "afkTime": -1,
      "limit": 271,
      "afkReason": "",
      "pc": 1744299104206
    },
    "6283866933291@s.whatsapp.net": {
      "hitcmd": 0,
      "bits": 0,
      "afkTime": -1,
      "limit": 271,
      "afkReason": ""
    },
    "6281323767975@s.whatsapp.net": {
      "hitcmd": 6,
      "bits": 0,
      "afkTime": -1,
      "limit": 271,
      "afkReason": ""
    },
    "6285882232815@s.whatsapp.net": {
      "hitcmd": 0,
      "bits": 0,
      "afkTime": -1,
      "limit": 271,
      "afkReason": ""
    },
    "6282175278923@s.whatsapp.net": {
      "hitcmd": 0,
      "bits": 0,
      "afkTime": -1,
      "limit": 271,
      "afkReason": ""
    },
    "6283835983000@s.whatsapp.net": {
      "hitcmd": 0,
      "bits": 0,
      "afkTime": -1,
      "limit": 271,
      "afkReason": ""
    },
    "6282141821047@s.whatsapp.net": {
      "hitcmd": 0,
      "bits": 0,
      "afkTime": -1,
      "limit": 271,
      "afkReason": ""
    },
    "6285754119218@s.whatsapp.net": {
      "hitcmd": 0,
      "bits": 0,
      "afkTime": -1,
      "limit": 271,
      "afkReason": ""
    },
    "6285808475003@s.whatsapp.net": {
      "hitcmd": 0,
      "bits": 0,
      "afkTime": -1,
      "limit": 271,
      "afkReason": ""
    },
    "6281944611411@s.whatsapp.net": {
      "hitcmd": 0,
      "bits": 0,
      "afkTime": -1,
      "limit": 271,
      "afkReason": ""
    },
    "120363398917185645@newsletter": {
      "hitcmd": 0,
      "bits": 0,
      "afkTime": -1,
      "limit": 271,
      "afkReason": "",
      "pc": 1744373564257
    },
    "6283131127823@s.whatsapp.net": {
      "hitcmd": 0,
      "bits": 0,
      "afkTime": -1,
      "limit": 271,
      "afkReason": ""
    },
    "120363371477656625@newsletter": {
      "hitcmd": 0,
      "bits": 0,
      "afkTime": -1,
      "limit": 271,
      "afkReason": "",
      "pc": 1744400881445
    },
    "6285789289575@s.whatsapp.net": {
      "hitcmd": 1,
      "bits": 0,
      "afkTime": -1,
      "limit": 271,
      "afkReason": ""
    },
    "6281210169275@s.whatsapp.net": {
      "hitcmd": 1,
      "bits": 0,
      "afkTime": -1,
      "limit": 271,
      "afkReason": "",
      "pc": 1744380893580
    },
    "6287778401792@s.whatsapp.net": {
      "hitcmd": 0,
      "bits": 0,
      "afkTime": -1,
      "limit": 271,
      "afkReason": ""
    },
    "120363372356956123@newsletter": {
      "hitcmd": 0,
      "bits": 0,
      "afkTime": -1,
      "limit": 271,
      "afkReason": "",
      "pc": 1744374892357
    },
    "6283851294680@s.whatsapp.net": {
      "hitcmd": 0,
      "bits": 0,
      "afkTime": -1,
      "limit": 271,
      "afkReason": ""
    },
    "6281251798893@s.whatsapp.net": {
      "hitcmd": 0,
      "bits": 0,
      "afkTime": -1,
      "limit": 271,
      "afkReason": ""
    },
    "201123970046@s.whatsapp.net": {
      "hitcmd": 0,
      "bits": 0,
      "afkTime": -1,
      "limit": 271,
      "afkReason": ""
    },
    "6288246994208@s.whatsapp.net": {
      "hitcmd": 0,
      "bits": 0,
      "afkTime": -1,
      "limit": 271,
      "afkReason": "",
      "pc": 1744365843954
    },
    "6285952867248@s.whatsapp.net": {
      "hitcmd": 0,
      "bits": 0,
      "afkTime": -1,
      "limit": 271,
      "afkReason": ""
    },
    "6283110770479@s.whatsapp.net": {
      "hitcmd": 0,
      "bits": 0,
      "afkTime": -1,
      "limit": 271,
      "afkReason": ""
    },
    "6289513081052@s.whatsapp.net": {
      "hitcmd": 0,
      "bits": 0,
      "afkTime": -1,
      "limit": 271,
      "afkReason": ""
    },
    "120363372113010392@newsletter": {
      "hitcmd": 0,
      "bits": 0,
      "afkTime": -1,
      "limit": 271,
      "afkReason": "",
      "pc": 1744367339268
    },
    "120363365205748693@newsletter": {
      "hitcmd": 0,
      "bits": 0,
      "afkTime": -1,
      "limit": 271,
      "afkReason": "",
      "pc": 1744373189016
    },
    "6281377123910@s.whatsapp.net": {
      "hitcmd": 0,
      "bits": 0,
      "afkTime": -1,
      "limit": 271,
      "afkReason": ""
    },
    "6282226883062@s.whatsapp.net": {
      "hitcmd": 0,
      "bits": 0,
      "afkTime": -1,
      "limit": 271,
      "afkReason": ""
    },
    "6283844513972@s.whatsapp.net": {
      "hitcmd": 0,
      "bits": 0,
      "afkTime": -1,
      "limit": 271,
      "afkReason": ""
    },
    "120363369125132998@newsletter": {
      "hitcmd": 0,
      "bits": 0,
      "afkTime": -1,
      "limit": 271,
      "afkReason": ""
    },
    "120363391687981592@newsletter": {
      "hitcmd": 0,
      "bits": 0,
      "afkTime": -1,
      "limit": 271,
      "afkReason": ""
    },
    "6285161717880@s.whatsapp.net": {
      "hitcmd": 0,
      "bits": 0,
      "afkTime": -1,
      "limit": 271,
      "afkReason": ""
    },
    "6281952553502@s.whatsapp.net": {
      "hitcmd": 0,
      "bits": 0,
      "afkTime": -1,
      "limit": 271,
      "afkReason": ""
    },
    "6281225179060@s.whatsapp.net": {
      "hitcmd": 0,
      "bits": 0,
      "afkTime": -1,
      "limit": 271,
      "afkReason": ""
    },
    "120363385681387698@newsletter": {
      "hitcmd": 0,
      "bits": 0,
      "afkTime": -1,
      "limit": 271,
      "afkReason": "",
      "pc": 1744380263502
    },
    "120363385599874603@newsletter": {
      "hitcmd": 0,
      "bits": 0,
      "afkTime": -1,
      "limit": 271,
      "afkReason": "",
      "pc": 1744381077953
    },
    "6285863138013@s.whatsapp.net": {
      "hitcmd": 1,
      "bits": 0,
      "afkTime": -1,
      "limit": 271,
      "afkReason": ""
    },
    "120363344409349312@newsletter": {
      "hitcmd": 0,
      "bits": 0,
      "afkTime": -1,
      "limit": 271,
      "afkReason": "",
      "pc": 1744381221827
    },
    "6283850131558@s.whatsapp.net": {
      "hitcmd": 0,
      "bits": 0,
      "afkTime": -1,
      "limit": 271,
      "afkReason": ""
    },
    "6283170445166@s.whatsapp.net": {
      "hitcmd": 0,
      "bits": 0,
      "afkTime": -1,
      "limit": 271,
      "afkReason": ""
    },
    "6283171440393@s.whatsapp.net": {
      "hitcmd": 0,
      "bits": 0,
      "afkTime": -1,
      "limit": 271,
      "afkReason": ""
    },
    "120363364330631981@newsletter": {
      "hitcmd": 0,
      "bits": 0,
      "afkTime": -1,
      "limit": 271,
      "afkReason": "",
      "pc": 1744385008590
    },
    "120363367335814128@newsletter": {
      "hitcmd": 0,
      "bits": 0,
      "afkTime": -1,
      "limit": 271,
      "afkReason": "",
      "pc": 1744385471061
    }
  },
  "chats": {
    "6283117190495@s.whatsapp.net": {
      "isBanned": false,
      "lastchat": "6283117190495@s.whatsapp.net"
    },
    "6283817070522@s.whatsapp.net": {
      "isBanned": false
    },
    "6289531639634@s.whatsapp.net": {
      "isBanned": false
    },
    "6285179836603@s.whatsapp.net": {
      "isBanned": false
    },
    "13135550002@s.whatsapp.net": {
      "isBanned": false
    },
    "6285658939117@s.whatsapp.net": {
      "isBanned": false
    },
    "6281351692548@s.whatsapp.net": {
      "isBanned": false
    },
    "status@broadcast": {
      "isBanned": false
    },
    "6285262399975@s.whatsapp.net": {
      "isBanned": false
    },
    "6283123448708@s.whatsapp.net": {
      "isBanned": false
    },
    "6283182029456@s.whatsapp.net": {
      "isBanned": false
    },
    "6282150423514-1621097980@g.us": {
      "isBanned": false
    },
    "120363372888012399@g.us": {
      "isBanned": false
    },
    "120363315289814216@g.us": {
      "isBanned": false
    },
    "120363390475743270@newsletter": {
      "isBanned": false
    },
    "120363372640206518@g.us": {
      "isBanned": false,
      "mute": false
    },
    "120363372991117133@g.us": {
      "isBanned": false,
      "mute": false
    },
    "6281262889770@s.whatsapp.net": {
      "isBanned": false,
      "mute": false
    },
    "6289604810003@s.whatsapp.net": {
      "isBanned": false,
      "mute": false
    },
    "120363373798818502@g.us": {
      "isBanned": false,
      "mute": false
    },
    "6282174694014@s.whatsapp.net": {
      "isBanned": false,
      "mute": false
    },
    "120363376187287513@newsletter": {
      "isBanned": false,
      "mute": false
    },
    "6285187387839@s.whatsapp.net": {
      "isBanned": false,
      "mute": false
    },
    "6285813708397@s.whatsapp.net": {
      "isBanned": false,
      "mute": false
    },
    "120363386712922580@newsletter": {
      "isBanned": false,
      "mute": false
    },
    "120363385251303158@newsletter": {
      "isBanned": false,
      "mute": false
    },
    "120363373745350405@newsletter": {
      "isBanned": false,
      "mute": false
    },
    "120363371620949721@newsletter": {
      "isBanned": false,
      "mute": false
    },
    "120363385982886007@newsletter": {
      "isBanned": false,
      "mute": false
    },
    "120363371523588977@newsletter": {
      "isBanned": false,
      "mute": false
    },
    "120363399165791443@g.us": {
      "isBanned": false,
      "mute": false
    },
    "120363373679616131@newsletter": {
      "isBanned": false,
      "mute": false
    },
    "120363367416928283@newsletter": {
      "isBanned": false,
      "mute": false
    },
    "120363390477496540@newsletter": {
      "isBanned": false,
      "mute": false
    },
    "120363369733550479@newsletter": {
      "isBanned": false,
      "mute": false
    },
    "120363389667797512@newsletter": {
      "isBanned": false,
      "mute": false
    },
    "6285824402084@s.whatsapp.net": {
      "isBanned": false,
      "mute": false
    },
    "120363363009408737@newsletter": {
      "isBanned": false,
      "mute": false
    },
    "120363388748858554@newsletter": {
      "isBanned": false,
      "mute": false
    },
    "120363299719848392@newsletter": {
      "isBanned": false,
      "mute": false
    },
    "120363387147528119@newsletter": {
      "isBanned": false,
      "mute": false
    },
    "120363369142272173@newsletter": {
      "isBanned": false,
      "mute": false
    },
    "120363378267943545@g.us": {
      "isBanned": false,
      "mute": false
    },
    "120363371612801478@newsletter": {
      "isBanned": false,
      "mute": false
    },
    "120363387066991034@newsletter": {
      "isBanned": false,
      "mute": false
    },
    "601126337162@s.whatsapp.net": {
      "isBanned": false,
      "mute": false
    },
    "120363370843040705@newsletter": {
      "isBanned": false,
      "mute": false
    },
    "120363279018238441@g.us": {
      "isBanned": false,
      "mute": false
    },
    "120363398917185645@newsletter": {
      "isBanned": false,
      "mute": false
    },
    "120363371477656625@newsletter": {
      "isBanned": false,
      "mute": false
    },
    "120363312793723766@g.us": {
      "isBanned": false,
      "mute": false
    },
    "120363372356956123@newsletter": {
      "isBanned": false,
      "mute": false
    },
    "120363372113010392@newsletter": {
      "isBanned": false,
      "mute": false
    },
    "120363365205748693@newsletter": {
      "isBanned": false,
      "mute": false
    },
    "120363369125132998@newsletter": {
      "isBanned": false,
      "mute": false
    },
    "120363391687981592@newsletter": {
      "isBanned": false,
      "mute": false
    },
    "120363385681387698@newsletter": {
      "isBanned": false,
      "mute": false
    },
    "6281210169275@s.whatsapp.net": {
      "isBanned": false,
      "mute": false
    },
    "120363385599874603@newsletter": {
      "isBanned": false,
      "mute": false
    },
    "120363344409349312@newsletter": {
      "isBanned": false,
      "mute": false
    },
    "120363364330631981@newsletter": {
      "isBanned": false,
      "mute": false
    },
    "120363367335814128@newsletter": {
      "isBanned": false,
      "mute": false
    }
  },
  "game": {
    "tebaklagu": [],
    "kuismath": [],
    "tebakgambar": [],
    "tebakkata": [],
    "tebakkalimat": [],
    "tebaklirik": [],
    "tebaktebakan": [],
    "tebakbendera": [],
    "tebakbendera2": [],
    "tebakkimia": [],
    "tebakasahotak": [],
    "tebaksiapakahaku": [],
    "tebaksusunkata": [],
    "tebaktekateki": [],
    "lontong": [],
    "lontong_desk": []
  },
  "database": {},
  "settings": {
    "6283117190495@s.whatsapp.net": {
      "autoread": false,
      "public": true,
      "restart": false,
      "setkota": "Jakarta"
    },
    "6285187387839@s.whatsapp.net": {
      "autoread": false,
      "public": true,
      "setkota": "Makkasar",
      "onlypc": false,
      "onlygc": false
    }
  },
  "setting": {},
  "others": {},
  "sticker": {}
}